cluster,selected_count,avg_sales_selected,size
0,135,65222.8962962963,677
1,143,21321.748251748253,714
2,179,23736.296089385476,893
3,60,87417.95,298
4,33,118553.0303030303,164
5,150,21159.426666666666,748
6,133,52384.015037593985,665
7,168,25822.529761904763,841
